Time,Year,Month,Season,Station,Temp Avg,Rain Avg
1/1/1984,1984,1,dry,Dalat,15.7,35.4
1/2/1984,1984,2,dry,Dalat,16.8,0
1/3/1984,1984,3,dry,Dalat,17.8,77.8
1/4/1984,1984,4,dry,Dalat,19.2,96.4
1/5/1984,1984,5,rain,Dalat,19.5,178.3
1/6/1984,1984,6,rain,Dalat,18.6,203.5
1/7/1984,1984,7,rain,Dalat,18.6,305.3
1/8/1984,1984,8,rain,Dalat,18,379.5
1/9/1984,1984,9,rain,Dalat,17.9,178.5
1/10/1984,1984,10,rain,Dalat,17.9,235.3
1/11/1984,1984,11,dry,Dalat,16.9,45.1
1/12/1984,1984,12,dry,Dalat,16.4,0.9
1/1/1985,1985,1,dry,Dalat,15.8,0.1
1/2/1985,1985,2,dry,Dalat,17.4,25.7
1/3/1985,1985,3,dry,Dalat,17.8,14.3
1/4/1985,1985,4,dry,Dalat,18.5,453.8
1/5/1985,1985,5,rain,Dalat,19.3,77.6
1/6/1985,1985,6,rain,Dalat,18.9,156.6
1/7/1985,1985,7,rain,Dalat,18.3,270.7
1/8/1985,1985,8,rain,Dalat,18.6,123.1
1/9/1985,1985,9,rain,Dalat,18.5,323.7
1/10/1985,1985,10,rain,Dalat,18.2,370.9
1/11/1985,1985,11,dry,Dalat,18,57
1/12/1985,1985,12,dry,Dalat,16.1,44.1
1/1/1986,1986,1,dry,Dalat,15.3,0
1/2/1986,1986,2,dry,Dalat,16.4,48.4
1/3/1986,1986,3,dry,Dalat,17.7,11
1/4/1986,1986,4,dry,Dalat,18.8,67.5
1/5/1986,1986,5,rain,Dalat,19.2,169.8
1/6/1986,1986,6,rain,Dalat,19.4,103.7
1/7/1986,1986,7,rain,Dalat,18.7,285.8
1/8/1986,1986,8,rain,Dalat,18.6,223.2
1/9/1986,1986,9,rain,Dalat,18.2,453.9
1/10/1986,1986,10,rain,Dalat,18.4,249.3
1/11/1986,1986,11,dry,Dalat,17.2,145
1/12/1986,1986,12,dry,Dalat,16.2,89.1
1/1/1987,1987,1,dry,Dalat,15.5,0
1/2/1987,1987,2,dry,Dalat,16,4.6
1/3/1987,1987,3,dry,Dalat,18.2,55.2
1/4/1987,1987,4,dry,Dalat,19.1,78.5
1/5/1987,1987,5,rain,Dalat,19.7,224.3
1/6/1987,1987,6,rain,Dalat,19.5,140.8
1/7/1987,1987,7,rain,Dalat,18.9,130.1
1/8/1987,1987,8,rain,Dalat,19,345.6
1/9/1987,1987,9,rain,Dalat,18.9,263.7
1/10/1987,1987,10,rain,Dalat,18.7,243.5
1/11/1987,1987,11,dry,Dalat,18.8,111.6
1/12/1987,1987,12,dry,Dalat,16.1,8.4
1/1/1988,1988,1,dry,Dalat,16.6,17.6
1/2/1988,1988,2,dry,Dalat,17.4,4.4
1/3/1988,1988,3,dry,Dalat,18.5,118.8
1/4/1988,1988,4,dry,Dalat,19.2,236.3
1/5/1988,1988,5,rain,Dalat,19.9,40.5
1/6/1988,1988,6,rain,Dalat,19.3,133.1
1/7/1988,1988,7,rain,Dalat,18.8,425
1/8/1988,1988,8,rain,Dalat,19.1,92.4
1/9/1988,1988,9,rain,Dalat,18.7,491.9
1/10/1988,1988,10,rain,Dalat,18,157.2
1/11/1988,1988,11,dry,Dalat,16.8,85.6
1/12/1988,1988,12,dry,Dalat,14.7,1.2
1/1/1989,1989,1,dry,Dalat,16.4,0.1
1/2/1989,1989,2,dry,Dalat,15.7,0
1/3/1989,1989,3,dry,Dalat,17.3,152.9
1/4/1989,1989,4,dry,Dalat,18.6,192.4
1/5/1989,1989,5,rain,Dalat,18.9,404.6
1/6/1989,1989,6,rain,Dalat,18.9,230.7
1/7/1989,1989,7,rain,Dalat,18.2,400.9
1/8/1989,1989,8,rain,Dalat,18.3,170.7
1/9/1989,1989,9,rain,Dalat,18.2,253.5
1/10/1989,1989,10,rain,Dalat,17.6,181.5
1/11/1989,1989,11,dry,Dalat,16.9,31.5
1/12/1989,1989,12,dry,Dalat,15.3,6.7
1/1/1990,1990,1,dry,Dalat,15.7,4.2
1/2/1990,1990,2,dry,Dalat,16.7,49.7
1/3/1990,1990,3,dry,Dalat,17.6,141.1
1/4/1990,1990,4,dry,Dalat,19.2,198.5
1/5/1990,1990,5,rain,Dalat,19.3,186.4
1/6/1990,1990,6,rain,Dalat,18.8,270.3
1/7/1990,1990,7,rain,Dalat,18.8,127.6
1/8/1990,1990,8,rain,Dalat,18,454.5
1/9/1990,1990,9,rain,Dalat,18.3,202.7
1/10/1990,1990,10,rain,Dalat,17.9,123.7
1/11/1990,1990,11,dry,Dalat,16.7,176.1
1/12/1990,1990,12,dry,Dalat,16,0.4
1/1/1991,1991,1,dry,Dalat,16.1,0
1/2/1991,1991,2,dry,Dalat,16.6,0.7
1/3/1991,1991,3,dry,Dalat,17.8,37.5
1/4/1991,1991,4,dry,Dalat,18.7,147.7
1/5/1991,1991,5,rain,Dalat,19.3,142.8
1/6/1991,1991,6,rain,Dalat,18.8,133.7
1/7/1991,1991,7,rain,Dalat,18.4,260.3
1/8/1991,1991,8,rain,Dalat,18.4,168.5
1/9/1991,1991,9,rain,Dalat,18.4,480.5
1/10/1991,1991,10,rain,Dalat,17.4,310.6
1/11/1991,1991,11,dry,Dalat,16.5,12
1/12/1991,1991,12,dry,Dalat,16.1,15.7
1/1/1992,1992,1,dry,Dalat,14.9,20.9
1/2/1992,1992,2,dry,Dalat,16.7,33.4
1/3/1992,1992,3,dry,Dalat,17.9,60.1
1/4/1992,1992,4,dry,Dalat,18.6,241.8
1/5/1992,1992,5,rain,Dalat,19.5,193.8
1/6/1992,1992,6,rain,Dalat,18.7,381.4
1/7/1992,1992,7,rain,Dalat,18.5,259.9
1/8/1992,1992,8,rain,Dalat,18.3,198.5
1/9/1992,1992,9,rain,Dalat,18.6,49.1
1/10/1992,1992,10,rain,Dalat,17.4,251.6
1/11/1992,1992,11,dry,Dalat,16.3,3.9
1/12/1992,1992,12,dry,Dalat,16,5.5
1/1/1993,1993,1,dry,Dalat,14.9,2.6
1/2/1993,1993,2,dry,Dalat,15.5,2.3
1/3/1993,1993,3,dry,Dalat,17.4,78.9
1/4/1993,1993,4,dry,Dalat,18.7,107.1
1/5/1993,1993,5,rain,Dalat,19.3,118.4
1/6/1993,1993,6,rain,Dalat,19.1,198
1/7/1993,1993,7,rain,Dalat,18.7,224.8
1/8/1993,1993,8,rain,Dalat,18,104.3
1/9/1993,1993,9,rain,Dalat,18.1,308.5
1/10/1993,1993,10,rain,Dalat,17.5,371.6
1/11/1993,1993,11,dry,Dalat,17.4,104.1
1/12/1993,1993,12,dry,Dalat,16,143.4
1/1/1994,1994,1,dry,Dalat,15.7,4.6
1/2/1994,1994,2,dry,Dalat,17,26.8
1/3/1994,1994,3,dry,Dalat,17.5,83.4
1/4/1994,1994,4,dry,Dalat,18.7,84
1/5/1994,1994,5,rain,Dalat,19.2,228.7
1/6/1994,1994,6,rain,Dalat,18.8,143.9
1/7/1994,1994,7,rain,Dalat,17.9,251.8
1/8/1994,1994,8,rain,Dalat,18.6,81.5
1/9/1994,1994,9,rain,Dalat,18.2,319.4
1/10/1994,1994,10,rain,Dalat,17.3,301
1/11/1994,1994,11,dry,Dalat,17,4.2
1/12/1994,1994,12,dry,Dalat,16.4,64.1
1/1/1995,1995,1,dry,Dalat,15.5,2.9
1/2/1995,1995,2,dry,Dalat,15.9,71.2
1/3/1995,1995,3,dry,Dalat,17.6,101.2
1/4/1995,1995,4,dry,Dalat,18.7,203.6
1/5/1995,1995,5,rain,Dalat,19.2,244.4
1/6/1995,1995,6,rain,Dalat,19.4,174.8
1/7/1995,1995,7,rain,Dalat,18.6,325.6
1/8/1995,1995,8,rain,Dalat,18.6,282.9
1/9/1995,1995,9,rain,Dalat,18.4,221.5
1/10/1995,1995,10,rain,Dalat,18.2,269
1/11/1995,1995,11,dry,Dalat,17.4,37
1/12/1995,1995,12,dry,Dalat,15.5,6.2
1/1/1996,1996,1,dry,Dalat,15.4,7.2
1/2/1996,1996,2,dry,Dalat,16,0.7
1/3/1996,1996,3,dry,Dalat,17.6,9.1
1/4/1996,1996,4,dry,Dalat,18.4,248.5
1/5/1996,1996,5,rain,Dalat,19.5,281.5
1/6/1996,1996,6,rain,Dalat,19,204
1/7/1996,1996,7,rain,Dalat,18.3,146.7
1/8/1996,1996,8,rain,Dalat,18.6,228.7
1/9/1996,1996,9,rain,Dalat,18.1,231.7
1/10/1996,1996,10,rain,Dalat,18.2,256.6
1/11/1996,1996,11,dry,Dalat,17.7,149.6
1/12/1996,1996,12,dry,Dalat,15.9,56
1/1/1997,1997,1,dry,Dalat,14.9,0
1/2/1997,1997,2,dry,Dalat,16.7,95.7
1/3/1997,1997,3,dry,Dalat,17.2,157
1/4/1997,1997,4,dry,Dalat,18.4,273.9
1/5/1997,1997,5,rain,Dalat,19,217.2
1/6/1997,1997,6,rain,Dalat,19,154
1/7/1997,1997,7,rain,Dalat,18.5,215.3
1/8/1997,1997,8,rain,Dalat,18.3,184.3
1/9/1997,1997,9,rain,Dalat,18.5,261.2
1/10/1997,1997,10,rain,Dalat,18,261.8
1/11/1997,1997,11,dry,Dalat,17.4,54.8
1/12/1997,1997,12,dry,Dalat,16.5,17.7
1/1/1998,1998,1,dry,Dalat,16.7,0
1/2/1998,1998,2,dry,Dalat,17.8,0
1/3/1998,1998,3,dry,Dalat,18.8,4.5
1/4/1998,1998,4,dry,Dalat,19.1,198.4
1/5/1998,1998,5,rain,Dalat,19.9,230
1/6/1998,1998,6,rain,Dalat,20.2,270.4
1/7/1998,1998,7,rain,Dalat,19.5,152.3
1/8/1998,1998,8,rain,Dalat,19.1,270.4
1/9/1998,1998,9,rain,Dalat,18.8,216.3
1/10/1998,1998,10,rain,Dalat,18.6,176
1/11/1998,1998,11,dry,Dalat,17.7,317.6
1/12/1998,1998,12,dry,Dalat,17.1,130.3
1/1/1999,1999,1,dry,Dalat,16.5,16.6
1/2/1999,1999,2,dry,Dalat,16.4,0
1/3/1999,1999,3,dry,Dalat,18.3,110.9
1/4/1999,1999,4,dry,Dalat,18.9,223.5
1/5/1999,1999,5,rain,Dalat,18.8,415.7
1/6/1999,1999,6,rain,Dalat,18.4,293.4
1/7/1999,1999,7,rain,Dalat,18.5,179.5
1/8/1999,1999,8,rain,Dalat,18.2,291
1/9/1999,1999,9,rain,Dalat,18.6,212.3
1/10/1999,1999,10,rain,Dalat,18.2,235.5
1/11/1999,1999,11,dry,Dalat,17.7,114
1/12/1999,1999,12,dry,Dalat,15.9,66.8
1/1/2000,2000,1,dry,Dalat,16.3,21.4
1/2/2000,2000,2,dry,Dalat,17,2.9
1/3/2000,2000,3,dry,Dalat,17.8,99.8
1/4/2000,2000,4,dry,Dalat,18.7,236.1
1/5/2000,2000,5,rain,Dalat,19.2,319.4
1/6/2000,2000,6,rain,Dalat,18.8,221.2
1/7/2000,2000,7,rain,Dalat,18.2,207.5
1/8/2000,2000,8,rain,Dalat,18.4,312.1
1/9/2000,2000,9,rain,Dalat,18.3,225.4
1/10/2000,2000,10,rain,Dalat,18.4,425.7
1/11/2000,2000,11,dry,Dalat,17.4,230
1/12/2000,2000,12,dry,Dalat,17,55.5
1/1/2001,2001,1,dry,Dalat,16.5,12.3
1/2/2001,2001,2,dry,Dalat,16.5,4.3
1/3/2001,2001,3,dry,Dalat,18,143.3
1/4/2001,2001,4,dry,Dalat,19.3,62.8
1/5/2001,2001,5,rain,Dalat,19.5,142.8
1/6/2001,2001,6,rain,Dalat,18.7,196.6
1/7/2001,2001,7,rain,Dalat,19,95.4
1/8/2001,2001,8,rain,Dalat,18.5,329.1
1/9/2001,2001,9,rain,Dalat,18.7,221.6
1/10/2001,2001,10,rain,Dalat,18.4,118.8
1/11/2001,2001,11,dry,Dalat,16.5,76.3
1/12/2001,2001,12,dry,Dalat,16.2,25.3
1/1/2002,2002,1,dry,Dalat,15.5,0
1/2/2002,2002,2,dry,Dalat,16.1,0.4
1/3/2002,2002,3,dry,Dalat,17.8,119.5
1/4/2002,2002,4,dry,Dalat,18.9,101.8
1/5/2002,2002,5,rain,Dalat,19.9,122.9
1/6/2002,2002,6,rain,Dalat,19.3,213
1/7/2002,2002,7,rain,Dalat,19.1,141.2
1/8/2002,2002,8,rain,Dalat,18.2,396
1/9/2002,2002,9,rain,Dalat,18.4,274.7
1/10/2002,2002,10,rain,Dalat,18.3,240.4
1/11/2002,2002,11,dry,Dalat,17.9,146.4
1/12/2002,2002,12,dry,Dalat,17.5,38.1
1/1/2003,2003,1,dry,Dalat,15.7,0
1/2/2003,2003,2,dry,Dalat,16.7,0.5
1/3/2003,2003,3,dry,Dalat,18,6
1/4/2003,2003,4,dry,Dalat,19.5,54.3
1/5/2003,2003,5,rain,Dalat,19.3,263.8
1/6/2003,2003,6,rain,Dalat,19.2,102.4
1/7/2003,2003,7,rain,Dalat,18.8,256.4
1/8/2003,2003,8,rain,Dalat,18.8,221.7
1/9/2003,2003,9,rain,Dalat,18.4,271.6
1/10/2003,2003,10,rain,Dalat,17.8,279.1
1/11/2003,2003,11,dry,Dalat,17.6,164.1
1/12/2003,2003,12,dry,Dalat,15.4,6.2
1/1/2004,2004,1,dry,Dalat,16.1,1.9
1/2/2004,2004,2,dry,Dalat,16.6,9.4
1/3/2004,2004,3,dry,Dalat,18.2,147.5
1/4/2004,2004,4,dry,Dalat,18.9,227.2
1/5/2004,2004,5,rain,Dalat,19.5,165.7
1/6/2004,2004,6,rain,Dalat,18.6,330.4
1/7/2004,2004,7,rain,Dalat,18.5,331.4
1/8/2004,2004,8,rain,Dalat,18.2,256.3
1/9/2004,2004,9,rain,Dalat,18.7,120.4
1/10/2004,2004,10,rain,Dalat,15.7,42
1/11/2004,2004,11,dry,Dalat,17.6,4.5
1/12/2004,2004,12,dry,Dalat,15.7,1.7
1/1/2005,2005,1,dry,Dalat,15.4,0
1/2/2005,2005,2,dry,Dalat,17.5,19.1
1/3/2005,2005,3,dry,Dalat,17.5,82
1/4/2005,2005,4,dry,Dalat,18.9,116.4
1/5/2005,2005,5,rain,Dalat,19.8,171.8
1/6/2005,2005,6,rain,Dalat,19.6,182.1
1/7/2005,2005,7,rain,Dalat,18.5,199.6
1/8/2005,2005,8,rain,Dalat,18.3,258.5
1/9/2005,2005,9,rain,Dalat,18.6,354
1/10/2005,2005,10,rain,Dalat,18.4,263
1/11/2005,2005,11,dry,Dalat,17.9,91.5
1/12/2005,2005,12,dry,Dalat,16.8,79.8
1/1/2006,2006,1,dry,Dalat,16.8,25.6
1/2/2006,2006,2,dry,Dalat,17.4,16.3
1/3/2006,2006,3,dry,Dalat,18.3,101.7
1/4/2006,2006,4,dry,Dalat,18.9,89.2
1/5/2006,2006,5,rain,Dalat,19.6,176.4
1/6/2006,2006,6,rain,Dalat,19.3,166.3
1/7/2006,2006,7,rain,Dalat,18.7,165.2
1/8/2006,2006,8,rain,Dalat,18.5,280.9
1/9/2006,2006,9,rain,Dalat,18.8,349
1/10/2006,2006,10,rain,Dalat,18.2,308.5
1/11/2006,2006,11,dry,Dalat,18.1,18.6
1/12/2006,2006,12,dry,Dalat,16.7,20.9
1/1/2007,2007,1,dry,Dalat,16.3,0.1
1/2/2007,2007,2,dry,Dalat,16.7,0
1/3/2007,2007,3,dry,Dalat,18,98.1
1/4/2007,2007,4,dry,Dalat,19,84.4
1/5/2007,2007,5,rain,Dalat,19.5,337.5
1/6/2007,2007,6,rain,Dalat,19.4,146.7
1/7/2007,2007,7,rain,Dalat,18.8,203.5
1/8/2007,2007,8,rain,Dalat,18.3,528.8
1/9/2007,2007,9,rain,Dalat,18.9,393.6
1/10/2007,2007,10,rain,Dalat,18,203.9
1/11/2007,2007,11,dry,Dalat,17.3,146.5
1/12/2007,2007,12,dry,Dalat,16.8,1.4
1/1/2008,2008,1,dry,Dalat,15.5,26.4
1/2/2008,2008,2,dry,Dalat,16.8,35
1/3/2008,2008,3,dry,Dalat,16.5,68
1/4/2008,2008,4,dry,Dalat,18.8,118.4
1/5/2008,2008,5,rain,Dalat,19.2,219.6
1/6/2008,2008,6,rain,Dalat,19.4,59.3
1/7/2008,2008,7,rain,Dalat,18.7,200.3
1/8/2008,2008,8,rain,Dalat,17.5,210.4
1/9/2008,2008,9,rain,Dalat,19.2,203.1
1/10/2008,2008,10,rain,Dalat,18.6,204.9
1/11/2008,2008,11,dry,Dalat,18.2,176.2
1/12/2008,2008,12,dry,Dalat,16.4,51.5
1/1/2009,2009,1,dry,Dalat,14.8,2.9
1/2/2009,2009,2,dry,Dalat,17.3,70.2
1/3/2009,2009,3,dry,Dalat,18.3,134.5
1/4/2009,2009,4,dry,Dalat,19.4,250.2
1/5/2009,2009,5,rain,Dalat,19.3,166.8
1/6/2009,2009,6,rain,Dalat,19.5,162.4
1/7/2009,2009,7,rain,Dalat,18.9,219.3
1/8/2009,2009,8,rain,Dalat,19.1,196
1/9/2009,2009,9,rain,Dalat,18.5,299.4
1/10/2009,2009,10,rain,Dalat,18.3,265.7
1/11/2009,2009,11,dry,Dalat,17.8,77.4
1/12/2009,2009,12,dry,Dalat,16.7,0.5
1/1/2010,2010,1,dry,Dalat,16.3,70.4
1/2/2010,2010,2,dry,Dalat,17.5,3.2
1/3/2010,2010,3,dry,Dalat,18.6,62.8
1/4/2010,2010,4,dry,Dalat,19.4,260.5
1/5/2010,2010,5,rain,Dalat,20.4,145.9
1/6/2010,2010,6,rain,Dalat,20.1,246.4
1/7/2010,2010,7,rain,Dalat,19.2,254.1
1/8/2010,2010,8,rain,Dalat,19.1,114.6
1/9/2010,2010,9,rain,Dalat,18.9,196.4
1/10/2010,2010,10,rain,Dalat,18.5,355.2
1/11/2010,2010,11,dry,Dalat,17.8,229.8
1/12/2010,2010,12,dry,Dalat,17.1,62
1/1/2011,2011,1,dry,Dalat,15.9,1
1/2/2011,2011,2,dry,Dalat,16.6,0
1/3/2011,2011,3,dry,Dalat,17.4,57.9
1/4/2011,2011,4,dry,Dalat,18,99.3
1/5/2011,2011,5,rain,Dalat,19.9,258.2
1/6/2011,2011,6,rain,Dalat,19.3,277.6
1/7/2011,2011,7,rain,Dalat,19,270.4
1/8/2011,2011,8,rain,Dalat,19.1,262
1/9/2011,2011,9,rain,Dalat,18.7,134.1
1/10/2011,2011,10,rain,Dalat,18.5,210.6
1/11/2011,2011,11,dry,Dalat,18.2,51.6
1/12/2011,2011,12,dry,Dalat,16.4,25.1
1/1/2012,2012,1,dry,Dalat,16.9,19.2
1/2/2012,2012,2,dry,Dalat,17.4,88.1
1/3/2012,2012,3,dry,Dalat,18,48.5
1/4/2012,2012,4,dry,Dalat,19.3,280.4
1/5/2012,2012,5,rain,Dalat,19.1,314.7
1/6/2012,2012,6,rain,Dalat,19.3,127.1
1/7/2012,2012,7,rain,Dalat,19,215.2
1/8/2012,2012,8,rain,Dalat,19.3,129.2
1/9/2012,2012,9,rain,Dalat,18.6,406
1/10/2012,2012,10,rain,Dalat,18.5,152.4
1/11/2012,2012,11,dry,Dalat,18.5,68.7
1/12/2012,2012,12,dry,Dalat,17.4,4.8
1/1/2013,2013,1,dry,Dalat,16.1,0.3
1/2/2013,2013,2,dry,Dalat,17.7,1.3
1/3/2013,2013,3,dry,Dalat,18.8,126.5
1/4/2013,2013,4,dry,Dalat,19.8,147.8
1/5/2013,2013,5,rain,Dalat,20.1,267.3
1/6/2013,2013,6,rain,Dalat,19.4,356.2
1/7/2013,2013,7,rain,Dalat,19.3,194.3
1/8/2013,2013,8,rain,Dalat,18.9,139.2
1/9/2013,2013,9,rain,Dalat,18.3,361
1/10/2013,2013,10,rain,Dalat,18.1,129.1
1/11/2013,2013,11,dry,Dalat,17.8,175.2
1/12/2013,2013,12,dry,Dalat,16.2,2.2
1/1/2014,2014,1,dry,Dalat,14.9,5.9
1/2/2104,2014,2,dry,Dalat,16.5,1.1
1/3/2014,2014,3,dry,Dalat,18.4,26.4
1/4/2014,2014,4,dry,Dalat,18.7,338.5
1/5/2014,2014,5,rain,Dalat,19.9,325.6
1/6/2014,2014,6,rain,Dalat,19.7,184.2
1/7/2014,2014,7,rain,Dalat,18.9,269.8
1/8/2014,2014,8,rain,Dalat,18.9,284.5
1/9/2014,2014,9,rain,Dalat,18.8,341.5
1/10/2014,2014,10,rain,Dalat,18.4,256.2
1/11/2014,2014,11,dry,Dalat,18.1,14.5
1/12/2014,2014,12,dry,Dalat,17.1,30.8
1/1/2015,2015,1,dry,Dalat,15.5,0
1/2/2015,2015,2,dry,Dalat,16.5,27.4
1/3/2015,2015,3,dry,Dalat,18,4.7
1/4/2015,2015,4,dry,Dalat,18.9,156.1
1/5/2015,2015,5,rain,Dalat,20.1,281.1
1/6/2015,2015,6,rain,Dalat,19.4,258.6
1/7/2015,2015,7,rain,Dalat,19.4,284
1/8/2015,2015,8,rain,Dalat,19.7,224.8
1/9/2015,2015,9,rain,Dalat,19.2,262.9
1/10/2015,2015,10,rain,Dalat,18.7,333.6
1/11/2015,2015,11,dry,Dalat,18.4,72
1/12/2015,2015,12,dry,Dalat,17.7,49.4
1/1/2016,2016,1,dry,Dalat,17.7,4.4
1/2/2016,2016,2,dry,Dalat,16.8,0.3
1/3/2016,2016,3,dry,Dalat,19.1,4.7
1/4/2016,2016,4,dry,Dalat,20.2,202.8
1/5/2016,2016,5,rain,Dalat,20.5,132.7
1/6/2016,2016,6,rain,Dalat,19.8,226.4
1/7/2016,2016,7,rain,Dalat,19.4,208.7
1/8/2016,2016,8,rain,Dalat,19.7,83.3
1/9/2016,2016,9,rain,Dalat,19.4,498.5
1/10/2016,2016,10,rain,Dalat,19,377.2
1/11/2016,2016,11,dry,Dalat,18.7,115.8
1/12/2016,2016,12,dry,Dalat,17.6,173.9
1/1/2017,2017,1,dry,Dalat,17.1,13.2
1/2/2017,2017,2,dry,Dalat,16.8,36.7
1/3/2017,2017,3,dry,Dalat,18.5,25.2
1/4/2017,2017,4,dry,Dalat,19,204.8
1/5/2017,2017,5,rain,Dalat,20.4,258.6
1/6/2017,2017,6,rain,Dalat,20.3,106.3
1/7/2017,2017,7,rain,Dalat,19,286.1
1/8/2017,2017,8,rain,Dalat,19.5,292.7
1/9/2017,2017,9,rain,Dalat,19.6,269.5
1/10/2017,2017,10,rain,Dalat,18.8,273.6
1/11/2017,2017,11,dry,Dalat,18.5,211.7
1/12/2017,2017,12,dry,Dalat,16.7,62.8
1/1/1984,1984,1,dry,Lienkhuong,19.5,0.4
1/2/1984,1984,2,dry,Lienkhuong,20.5,0
1/3/1984,1984,3,dry,Lienkhuong,21.6,21.9
1/4/1984,1984,4,dry,Lienkhuong,23,202.3
1/5/1984,1984,5,rain,Lienkhuong,22.6,208
1/6/1984,1984,6,rain,Lienkhuong,21.8,128.4
1/7/1984,1984,7,rain,Lienkhuong,21.7,286.9
1/8/1984,1984,8,rain,Lienkhuong,21.3,297.5
1/9/1984,1984,9,rain,Lienkhuong,21.1,199.8
1/10/1984,1984,10,rain,Lienkhuong,21,251.2
1/11/1984,1984,11,dry,Lienkhuong,20.3,6.7
1/12/1984,1984,12,dry,Lienkhuong,20,0.7
1/1/1985,1985,1,dry,Lienkhuong,19.5,0
1/2/1985,1985,2,dry,Lienkhuong,21.3,3
1/3/1985,1985,3,dry,Lienkhuong,21.8,0
1/4/1985,1985,4,dry,Lienkhuong,22.3,197.8
1/5/1985,1985,5,rain,Lienkhuong,22.8,123.1
1/6/1985,1985,6,rain,Lienkhuong,22,123.9
1/7/1985,1985,7,rain,Lienkhuong,21.4,160.7
1/8/1985,1985,8,rain,Lienkhuong,22,76.3
1/9/1985,1985,9,rain,Lienkhuong,21.4,387.7
1/10/1985,1985,10,rain,Lienkhuong,21,145.6
1/11/1985,1985,11,dry,Lienkhuong,20.7,47.5
1/12/1985,1985,12,dry,Lienkhuong,19.3,11
1/1/1986,1986,1,dry,Lienkhuong,18.8,0
1/2/1986,1986,2,dry,Lienkhuong,20.3,11
1/3/1986,1986,3,dry,Lienkhuong,21.5,14.7
1/4/1986,1986,4,dry,Lienkhuong,22.6,67
1/5/1986,1986,5,rain,Lienkhuong,22.6,134.6
1/6/1986,1986,6,rain,Lienkhuong,22.5,159.3
1/7/1986,1986,7,rain,Lienkhuong,21.7,180.4
1/8/1986,1986,8,rain,Lienkhuong,21.4,222.1
1/9/1986,1986,9,rain,Lienkhuong,21.1,364.3
1/10/1986,1986,10,rain,Lienkhuong,21.1,183.5
1/11/1986,1986,11,dry,Lienkhuong,20.2,182.9
1/12/1986,1986,12,dry,Lienkhuong,19.3,59.8
1/1/1987,1987,1,dry,Lienkhuong,18.9,0
1/2/1987,1987,2,dry,Lienkhuong,19.4,63
1/3/1987,1987,3,dry,Lienkhuong,21.5,58.9
1/4/1987,1987,4,dry,Lienkhuong,22.6,84.3
1/5/1987,1987,5,rain,Lienkhuong,23,178.6
1/6/1987,1987,6,rain,Lienkhuong,22.2,242.9
1/7/1987,1987,7,rain,Lienkhuong,21.9,120.8
1/8/1987,1987,8,rain,Lienkhuong,21.9,185.5
1/9/1987,1987,9,rain,Lienkhuong,21.6,195.2
1/10/1987,1987,10,rain,Lienkhuong,21.7,246
1/11/1987,1987,11,dry,Lienkhuong,21.2,134.1
1/12/1987,1987,12,dry,Lienkhuong,19.3,0.4
1/1/1988,1988,1,dry,Lienkhuong,20.1,0
1/2/1988,1988,2,dry,Lienkhuong,21.1,0
1/3/1988,1988,3,dry,Lienkhuong,22.2,92.3
1/4/1988,1988,4,dry,Lienkhuong,22.9,73.5
1/5/1988,1988,5,rain,Lienkhuong,23.4,40.6
1/6/1988,1988,6,rain,Lienkhuong,22.3,191.9
1/7/1988,1988,7,rain,Lienkhuong,21.9,271.9
1/8/1988,1988,8,rain,Lienkhuong,22.3,55.8
1/9/1988,1988,9,rain,Lienkhuong,21.6,485.3
1/10/1988,1988,10,rain,Lienkhuong,21,154.8
1/11/1988,1988,11,dry,Lienkhuong,20.1,74.4
1/12/1988,1988,12,dry,Lienkhuong,18.2,0
1/1/1989,1989,1,dry,Lienkhuong,20.3,0
1/2/1989,1989,2,dry,Lienkhuong,19.4,0
1/3/1989,1989,3,dry,Lienkhuong,21,132.5
1/4/1989,1989,4,dry,Lienkhuong,22.2,233.9
1/5/1989,1989,5,rain,Lienkhuong,22.2,436.1
1/6/1989,1989,6,rain,Lienkhuong,22,211.1
1/7/1989,1989,7,rain,Lienkhuong,21.6,304.7
1/8/1989,1989,8,rain,Lienkhuong,21.6,163.9
1/9/1989,1989,9,rain,Lienkhuong,21.4,330.2
1/10/1989,1989,10,rain,Lienkhuong,20.9,145.5
1/11/1989,1989,11,dry,Lienkhuong,20.4,5.2
1/12/1989,1989,12,dry,Lienkhuong,19.2,0
1/1/1990,1990,1,dry,Lienkhuong,19.8,0
1/2/1990,1990,2,dry,Lienkhuong,20.8,19.2
1/3/1990,1990,3,dry,Lienkhuong,21.8,137.9
1/4/1990,1990,4,dry,Lienkhuong,23,120.1
1/5/1990,1990,5,rain,Lienkhuong,22.8,94.3
1/6/1990,1990,6,rain,Lienkhuong,21.7,249.5
1/7/1990,1990,7,rain,Lienkhuong,22,105.9
1/8/1990,1990,8,rain,Lienkhuong,21.3,257.6
1/9/1990,1990,9,rain,Lienkhuong,21.6,293.9
1/10/1990,1990,10,rain,Lienkhuong,21,72.7
1/11/1990,1990,11,dry,Lienkhuong,19.9,144.9
1/12/1990,1990,12,dry,Lienkhuong,19.7,0
1/1/1991,1991,1,dry,Lienkhuong,20.3,0
1/2/1991,1991,2,dry,Lienkhuong,20.7,17.7
1/3/1991,1991,3,dry,Lienkhuong,21.2,25.1
1/4/1991,1991,4,dry,Lienkhuong,22.5,208.7
1/5/1991,1991,5,rain,Lienkhuong,22.9,155.7
1/6/1991,1991,6,rain,Lienkhuong,22.5,115.2
1/7/1991,1991,7,rain,Lienkhuong,21.4,160.3
1/8/1991,1991,8,rain,Lienkhuong,21.5,168.7
1/9/1991,1991,9,rain,Lienkhuong,21.4,310.9
1/10/1991,1991,10,rain,Lienkhuong,20.4,275.7
1/11/1991,1991,11,dry,Lienkhuong,19.7,12
1/12/1991,1991,12,dry,Lienkhuong,20,0
1/1/1992,1992,1,dry,Lienkhuong,19.3,1.2
1/2/1992,1992,2,dry,Lienkhuong,20.6,13.3
1/3/1992,1992,3,dry,Lienkhuong,21.9,41.9
1/4/1992,1992,4,dry,Lienkhuong,22.4,198.5
1/5/1992,1992,5,rain,Lienkhuong,22.8,232.6
1/6/1992,1992,6,rain,Lienkhuong,21.8,219.3
1/7/1992,1992,7,rain,Lienkhuong,21.8,178.1
1/8/1992,1992,8,rain,Lienkhuong,20.8,205
1/9/1992,1992,9,rain,Lienkhuong,21.8,39.9
1/10/1992,1992,10,rain,Lienkhuong,20.1,228.2
1/11/1992,1992,11,dry,Lienkhuong,19.7,0.6
1/12/1992,1992,12,dry,Lienkhuong,20,0.8
1/1/1993,1993,1,dry,Lienkhuong,19.2,27.1
1/2/1993,1993,2,dry,Lienkhuong,19.6,17.1
1/3/1993,1993,3,dry,Lienkhuong,21.2,81.2
1/4/1993,1993,4,dry,Lienkhuong,22.5,143
1/5/1993,1993,5,rain,Lienkhuong,22.7,100.3
1/6/1993,1993,6,rain,Lienkhuong,22.4,209.5
1/7/1993,1993,7,rain,Lienkhuong,21.7,188.1
1/8/1993,1993,8,rain,Lienkhuong,21.3,126
1/9/1993,1993,9,rain,Lienkhuong,21.2,205.8
1/10/1993,1993,10,rain,Lienkhuong,20.6,212.9
1/11/1993,1993,11,dry,Lienkhuong,20.6,95
1/12/1993,1993,12,dry,Lienkhuong,19.7,120
1/1/1994,1994,1,dry,Lienkhuong,19.1,0
1/2/1994,1994,2,dry,Lienkhuong,20.6,21.1
1/3/1994,1994,3,dry,Lienkhuong,21.5,1.7
1/4/1994,1994,4,dry,Lienkhuong,22.6,31.4
1/5/1994,1994,5,rain,Lienkhuong,23,290.3
1/6/1994,1994,6,rain,Lienkhuong,21.9,223.8
1/7/1994,1994,7,rain,Lienkhuong,21,248.5
1/8/1994,1994,8,rain,Lienkhuong,21.8,114.4
1/9/1994,1994,9,rain,Lienkhuong,21.4,274.5
1/10/1994,1994,10,rain,Lienkhuong,20.7,176
1/11/1994,1994,11,dry,Lienkhuong,20.6,3
1/12/1994,1994,12,dry,Lienkhuong,20.2,75.7
1/1/1995,1995,1,dry,Lienkhuong,19.9,6.7
1/2/1995,1995,2,dry,Lienkhuong,20,92.1
1/3/1995,1995,3,dry,Lienkhuong,21.3,93
1/4/1995,1995,4,dry,Lienkhuong,23,52.3
1/5/1995,1995,5,rain,Lienkhuong,22.7,207.2
1/6/1995,1995,6,rain,Lienkhuong,22.6,166
1/7/1995,1995,7,rain,Lienkhuong,21.9,233.8
1/8/1995,1995,8,rain,Lienkhuong,21.9,255.9
1/9/1995,1995,9,rain,Lienkhuong,21.6,271.9
1/10/1995,1995,10,rain,Lienkhuong,21.3,243.8
1/11/1995,1995,11,dry,Lienkhuong,20.7,56
1/12/1995,1995,12,dry,Lienkhuong,19.9,9
1/1/1996,1996,1,dry,Lienkhuong,19.2,0.2
1/2/1996,1996,2,dry,Lienkhuong,20.5,0
1/3/1996,1996,3,dry,Lienkhuong,21.1,0
1/4/1996,1996,4,dry,Lienkhuong,22.3,318.5
1/5/1996,1996,5,rain,Lienkhuong,22.5,404.6
1/6/1996,1996,6,rain,Lienkhuong,21.9,212.1
1/7/1996,1996,7,rain,Lienkhuong,21.6,105
1/8/1996,1996,8,rain,Lienkhuong,22.1,175.7
1/9/1996,1996,9,rain,Lienkhuong,21.1,252.5
1/10/1996,1996,10,rain,Lienkhuong,21.4,239.3
1/11/1996,1996,11,dry,Lienkhuong,20.5,121.7
1/12/1996,1996,12,dry,Lienkhuong,19.2,20.9
1/1/1997,1997,1,dry,Lienkhuong,18.2,0
1/2/1997,1997,2,dry,Lienkhuong,20.1,3.6
1/3/1997,1997,3,dry,Lienkhuong,21.1,92.5
1/4/1997,1997,4,dry,Lienkhuong,22.1,69.1
1/5/1997,1997,5,rain,Lienkhuong,22.3,207.9
1/6/1997,1997,6,rain,Lienkhuong,22.1,166.2
1/7/1997,1997,7,rain,Lienkhuong,21.9,369.2
1/8/1997,1997,8,rain,Lienkhuong,21.5,147.7
1/9/1997,1997,9,rain,Lienkhuong,21.6,375.7
1/10/1997,1997,10,rain,Lienkhuong,21.3,203.1
1/11/1997,1997,11,dry,Lienkhuong,21.1,13.3
1/12/1997,1997,12,dry,Lienkhuong,19.8,0.3
1/1/1998,1998,1,dry,Lienkhuong,20.3,0
1/2/1998,1998,2,dry,Lienkhuong,28.7,14.1
1/3/1998,1998,3,dry,Lienkhuong,22,1
1/4/1998,1998,4,dry,Lienkhuong,22.7,155.9
1/5/1998,1998,5,rain,Lienkhuong,23.7,272.8
1/6/1998,1998,6,rain,Lienkhuong,23.4,162.7
1/7/1998,1998,7,rain,Lienkhuong,22.8,111.9
1/8/1998,1998,8,rain,Lienkhuong,22.4,165.2
1/9/1998,1998,9,rain,Lienkhuong,22,183.6
1/10/1998,1998,10,rain,Lienkhuong,21.4,214.9
1/11/1998,1998,11,dry,Lienkhuong,20.6,330.7
1/12/1998,1998,12,dry,Lienkhuong,20.1,205.6
1/1/1999,1999,1,dry,Lienkhuong,19.9,8.9
1/2/1999,1999,2,dry,Lienkhuong,20,0
1/3/1999,1999,3,dry,Lienkhuong,21.9,212
1/4/1999,1999,4,dry,Lienkhuong,22.3,239
1/5/1999,1999,5,rain,Lienkhuong,22,279.2
1/6/1999,1999,6,rain,Lienkhuong,21.6,119.3
1/7/1999,1999,7,rain,Lienkhuong,21.6,60.3
1/8/1999,1999,8,rain,Lienkhuong,21.3,74.5
1/9/1999,1999,9,rain,Lienkhuong,21.6,192.7
1/10/1999,1999,10,rain,Lienkhuong,21.1,209.9
1/11/1999,1999,11,dry,Lienkhuong,20.6,117.9
1/12/1999,1999,12,dry,Lienkhuong,19,57.7
1/1/2000,2000,1,dry,Lienkhuong,19.4,0.4
1/2/2000,2000,2,dry,Lienkhuong,20.9,5.8
1/3/2000,2000,3,dry,Lienkhuong,21.2,49.9
1/4/2000,2000,4,dry,Lienkhuong,22.4,192.1
1/5/2000,2000,5,rain,Lienkhuong,22.5,254.3
1/6/2000,2000,6,rain,Lienkhuong,21.6,248.5
1/7/2000,2000,7,rain,Lienkhuong,21.5,146.7
1/8/2000,2000,8,rain,Lienkhuong,21.6,231.7
1/9/2000,2000,9,rain,Lienkhuong,21.6,179.7
1/10/2000,2000,10,rain,Lienkhuong,21,427.8
1/11/2000,2000,11,dry,Lienkhuong,20.8,152.8
1/12/2000,2000,12,dry,Lienkhuong,20.1,56.3
1/1/2001,2001,1,dry,Lienkhuong,19.9,9.3
1/2/2001,2001,2,dry,Lienkhuong,19.9,18.4
1/3/2001,2001,3,dry,Lienkhuong,21.8,95.5
1/4/2001,2001,4,dry,Lienkhuong,23,58.6
1/5/2001,2001,5,rain,Lienkhuong,22.7,162.1
1/6/2001,2001,6,rain,Lienkhuong,21.9,281.4
1/7/2001,2001,7,rain,Lienkhuong,22.2,60.9
1/8/2001,2001,8,rain,Lienkhuong,21.6,249.4
1/9/2001,2001,9,rain,Lienkhuong,22,376.8
1/10/2001,2001,10,rain,Lienkhuong,21.6,182.7
1/11/2001,2001,11,dry,Lienkhuong,19.9,64.3
1/12/2001,2001,12,dry,Lienkhuong,19.4,19
1/1/2002,2002,1,dry,Lienkhuong,19,0
1/2/2002,2002,2,dry,Lienkhuong,19.5,0
1/3/2002,2002,3,dry,Lienkhuong,21.4,26.5
1/4/2002,2002,4,dry,Lienkhuong,22.6,116.4
1/5/2002,2002,5,rain,Lienkhuong,23.3,65.3
1/6/2002,2002,6,rain,Lienkhuong,22.7,119
1/7/2002,2002,7,rain,Lienkhuong,22.5,100.7
1/8/2002,2002,8,rain,Lienkhuong,21.4,370.5
1/9/2002,2002,9,rain,Lienkhuong,21.4,130.2
1/10/2002,2002,10,rain,Lienkhuong,21.4,275.9
1/11/2002,2002,11,dry,Lienkhuong,20.8,144.7
1/12/2002,2002,12,dry,Lienkhuong,20.3,37.5
1/1/2003,2003,1,dry,Lienkhuong,19,0
1/2/2003,2003,2,dry,Lienkhuong,20.4,0
1/3/2003,2003,3,dry,Lienkhuong,21.9,1.2
1/4/2003,2003,4,dry,Lienkhuong,23.2,31.5
1/5/2003,2003,5,rain,Lienkhuong,22.6,259.9
1/6/2003,2003,6,rain,Lienkhuong,22.6,118.2
1/7/2003,2003,7,rain,Lienkhuong,21.7,284.6
1/8/2003,2003,8,rain,Lienkhuong,21.8,242
1/9/2003,2003,9,rain,Lienkhuong,21.6,388.2
1/10/2003,2003,10,rain,Lienkhuong,21.1,258.7
1/11/2003,2003,11,dry,Lienkhuong,20.8,107.5
1/12/2003,2003,12,dry,Lienkhuong,19,3.9
1/1/2004,2004,1,dry,Lienkhuong,19.8,0
1/2/2004,2004,2,dry,Lienkhuong,20,0.5
1/3/2004,2004,3,dry,Lienkhuong,22,77.5
1/4/2004,2004,4,dry,Lienkhuong,22.5,119.3
1/5/2004,2004,5,rain,Lienkhuong,22.9,242.8
1/6/2004,2004,6,rain,Lienkhuong,21.9,334.3
1/7/2004,2004,7,rain,Lienkhuong,21.8,237
1/8/2004,2004,8,rain,Lienkhuong,21.5,199.8
1/9/2004,2004,9,rain,Lienkhuong,21.6,55.8
1/10/2004,2004,10,rain,Lienkhuong,20.6,78.8
1/11/2004,2004,11,dry,Lienkhuong,21,2.4
1/12/2004,2004,12,dry,Lienkhuong,19.3,0.3
1/1/2005,2005,1,dry,Lienkhuong,19,0
1/2/2005,2005,2,dry,Lienkhuong,21.1,0.1
1/3/2005,2005,3,dry,Lienkhuong,21.6,51.6
1/4/2005,2005,4,dry,Lienkhuong,23.1,73.6
1/5/2005,2005,5,rain,Lienkhuong,23.4,227.6
1/6/2005,2005,6,rain,Lienkhuong,23,132.4
1/7/2005,2005,7,rain,Lienkhuong,21.8,201.7
1/8/2005,2005,8,rain,Lienkhuong,21.9,159.6
1/9/2005,2005,9,rain,Lienkhuong,21.5,292.1
1/10/2005,2005,10,rain,Lienkhuong,21.2,325.1
1/11/2005,2005,11,dry,Lienkhuong,21.1,97.9
1/12/2005,2005,12,dry,Lienkhuong,20.1,40.4
1/1/2006,2006,1,dry,Lienkhuong,19.9,14.6
1/2/2006,2006,2,dry,Lienkhuong,21.1,6.2
1/3/2006,2006,3,dry,Lienkhuong,21.9,51.2
1/4/2006,2006,4,dry,Lienkhuong,22.9,123.4
1/5/2006,2006,5,rain,Lienkhuong,22.8,137.1
1/6/2006,2006,6,rain,Lienkhuong,22.7,194
1/7/2006,2006,7,rain,Lienkhuong,22.1,136.5
1/8/2006,2006,8,rain,Lienkhuong,21.5,287
1/9/2006,2006,9,rain,Lienkhuong,21.8,362.5
1/10/2006,2006,10,rain,Lienkhuong,21.5,258.5
1/11/2006,2006,11,dry,Lienkhuong,21.3,18.4
1/12/2006,2006,12,dry,Lienkhuong,20.1,9.7
1/1/2007,2007,1,dry,Lienkhuong,20,0
1/2/2007,2007,2,dry,Lienkhuong,20.2,0
1/3/2007,2007,3,dry,Lienkhuong,22,108.6
1/4/2007,2007,4,dry,Lienkhuong,22.8,51.2
1/5/2007,2007,5,rain,Lienkhuong,22.5,287.2
1/6/2007,2007,6,rain,Lienkhuong,22.4,199.1
1/7/2007,2007,7,rain,Lienkhuong,21.8,166.3
1/8/2007,2007,8,rain,Lienkhuong,21.3,309.8
1/9/2007,2007,9,rain,Lienkhuong,21.8,417.1
1/10/2007,2007,10,rain,Lienkhuong,20.8,187
1/11/2007,2007,11,dry,Lienkhuong,19.8,104.8
1/12/2007,2007,12,dry,Lienkhuong,19.9,4.8
1/1/2008,2008,1,dry,Lienkhuong,20.1,7.2
1/2/2008,2008,2,dry,Lienkhuong,19.7,2.2
1/3/2008,2008,3,dry,Lienkhuong,21.4,29.1
1/4/2008,2008,4,dry,Lienkhuong,22.9,118.4
1/5/2008,2008,5,rain,Lienkhuong,22.1,274.5
1/6/2008,2008,6,rain,Lienkhuong,22.5,112.3
1/7/2008,2008,7,rain,Lienkhuong,22,200.3
1/8/2008,2008,8,rain,Lienkhuong,21.6,148.8
1/9/2008,2008,9,rain,Lienkhuong,21.4,161
1/10/2008,2008,10,rain,Lienkhuong,21.4,115.2
1/11/2008,2008,11,dry,Lienkhuong,20.7,115.5
1/12/2008,2008,12,dry,Lienkhuong,19.6,24.2
1/1/2009,2009,1,dry,Lienkhuong,18.4,0.2
1/2/2009,2009,2,dry,Lienkhuong,20.4,82.3
1/3/2009,2009,3,dry,Lienkhuong,22.1,55.4
1/4/2009,2009,4,dry,Lienkhuong,22.8,291.7
1/5/2009,2009,5,rain,Lienkhuong,22.4,325.3
1/6/2009,2009,6,rain,Lienkhuong,22.7,66
1/7/2009,2009,7,rain,Lienkhuong,22.2,192.5
1/8/2009,2009,8,rain,Lienkhuong,22.4,211.5
1/9/2009,2009,9,rain,Lienkhuong,21.6,357.2
1/10/2009,2009,10,rain,Lienkhuong,21.6,237.8
1/11/2009,2009,11,dry,Lienkhuong,21.2,46.3
1/12/2009,2009,12,dry,Lienkhuong,20.3,0
1/1/2010,2010,1,dry,Lienkhuong,20.1,50.9
1/2/2010,2010,2,dry,Lienkhuong,21.4,0.2
1/3/2010,2010,3,dry,Lienkhuong,22.5,13.2
1/4/2010,2010,4,dry,Lienkhuong,23.5,203
1/5/2010,2010,5,rain,Lienkhuong,24.1,113.8
1/6/2010,2010,6,rain,Lienkhuong,23.4,226.2
1/7/2010,2010,7,rain,Lienkhuong,22.3,209.1
1/8/2010,2010,8,rain,Lienkhuong,22.2,76.1
1/9/2010,2010,9,rain,Lienkhuong,22.5,156.4
1/10/2010,2010,10,rain,Lienkhuong,21.6,450.3
1/11/2010,2010,11,dry,Lienkhuong,21.1,199
1/12/2010,2010,12,dry,Lienkhuong,20.2,34.3
1/1/2011,2011,1,dry,Lienkhuong,19.7,6
1/2/2011,2011,2,dry,Lienkhuong,20.1,0
1/3/2011,2011,3,dry,Lienkhuong,21.4,17.8
1/4/2011,2011,4,dry,Lienkhuong,22.3,96.5
1/5/2011,2011,5,rain,Lienkhuong,23.4,123.3
1/6/2011,2011,6,rain,Lienkhuong,22.6,147.5
1/7/2011,2011,7,rain,Lienkhuong,22.3,205.4
1/8/2011,2011,8,rain,Lienkhuong,22.5,245.9
1/9/2011,2011,9,rain,Lienkhuong,22,148
1/10/2011,2011,10,rain,Lienkhuong,21.9,190.8
1/11/2011,2011,11,dry,Lienkhuong,21.7,80.2
1/12/2011,2011,12,dry,Lienkhuong,20.5,14.1
1/1/2012,2012,1,dry,Lienkhuong,20.6,9.4
1/2/2012,2012,2,dry,Lienkhuong,21.5,27.5
1/3/2012,2012,3,dry,Lienkhuong,22.1,62.7
1/4/2012,2012,4,dry,Lienkhuong,23,78.2
1/5/2012,2012,5,rain,Lienkhuong,23.2,136.7
1/6/2012,2012,6,rain,Lienkhuong,22.7,133
1/7/2012,2012,7,rain,Lienkhuong,22.2,184.8
1/8/2012,2012,8,rain,Lienkhuong,22.6,65.6
1/9/2012,2012,9,rain,Lienkhuong,21.7,266.9
1/10/2012,2012,10,rain,Lienkhuong,21.7,224.9
1/11/2012,2012,11,dry,Lienkhuong,22.2,75.1
1/12/2012,2012,12,dry,Lienkhuong,21.3,1.4
1/1/2013,2013,1,dry,Lienkhuong,20.1,12.1
1/2/2013,2013,2,dry,Lienkhuong,21.3,0
1/3/2013,2013,3,dry,Lienkhuong,22.4,94.2
1/4/2013,2013,4,dry,Lienkhuong,23.9,144.4
1/5/2013,2013,5,rain,Lienkhuong,23.8,184.5
1/6/2013,2013,6,rain,Lienkhuong,22.9,265.4
1/7/2013,2013,7,rain,Lienkhuong,22.4,263.1
1/8/2013,2013,8,rain,Lienkhuong,22,101.8
1/9/2013,2013,9,rain,Lienkhuong,21.6,361.9
1/10/2013,2013,10,rain,Lienkhuong,21.6,216.3
1/11/2013,2013,11,dry,Lienkhuong,21.3,185.1
1/12/2013,2013,12,dry,Lienkhuong,19.8,1.8
1/1/2014,2014,1,dry,Lienkhuong,19.1,148.6
1/2/2104,2014,2,dry,Lienkhuong,19.8,146.7
1/3/2014,2014,3,dry,Lienkhuong,21.7,180
1/4/2014,2014,4,dry,Lienkhuong,22.8,94.2
1/5/2014,2014,5,rain,Lienkhuong,23.4,104.6
1/6/2014,2014,6,rain,Lienkhuong,22.6,92.2
1/7/2014,2014,7,rain,Lienkhuong,22,90.7
1/8/2014,2014,8,rain,Lienkhuong,22.3,85.2
1/9/2014,2014,9,rain,Lienkhuong,22.2,80.9
1/10/2014,2014,10,rain,Lienkhuong,21.8,87.6
1/11/2014,2014,11,dry,Lienkhuong,21.9,125.5
1/12/2014,2014,12,dry,Lienkhuong,21.1,121.5
1/1/2015,2015,1,dry,Lienkhuong,19,0
1/2/2015,2015,2,dry,Lienkhuong,19.7,7.5
1/3/2015,2015,3,dry,Lienkhuong,21.8,0.1
1/4/2015,2015,4,dry,Lienkhuong,22.8,152.6
1/5/2015,2015,5,rain,Lienkhuong,23.6,290.1
1/6/2015,2015,6,rain,Lienkhuong,22.7,126.8
1/7/2015,2015,7,rain,Lienkhuong,22.7,126.6
1/8/2015,2015,8,rain,Lienkhuong,22.8,195.8
1/9/2015,2015,9,rain,Lienkhuong,22.4,282.8
1/10/2015,2015,10,rain,Lienkhuong,22.3,203.6
1/11/2015,2015,11,dry,Lienkhuong,22.1,32.4
1/12/2015,2015,12,dry,Lienkhuong,21.3,70.8
1/1/2016,2016,1,dry,Lienkhuong,21.4,0
1/2/2016,2016,2,dry,Lienkhuong,20.7,0
1/3/2016,2016,3,dry,Lienkhuong,22.3,0
1/4/2016,2016,4,dry,Lienkhuong,23.8,130.1
1/5/2016,2016,5,rain,Lienkhuong,24.2,239
1/6/2016,2016,6,rain,Lienkhuong,23.3,125.5
1/7/2016,2016,7,rain,Lienkhuong,22.7,243.2
1/8/2016,2016,8,rain,Lienkhuong,22.9,95.4
1/9/2016,2016,9,rain,Lienkhuong,22.8,325.5
1/10/2016,2016,10,rain,Lienkhuong,22.4,334.4
1/11/2016,2016,11,dry,Lienkhuong,22,74.1
1/12/2016,2016,12,dry,Lienkhuong,20.9,161.9
1/1/2017,2017,1,dry,Lienkhuong,20.7,10.8
1/2/2017,2017,2,dry,Lienkhuong,20.6,4.1
1/3/2017,2017,3,dry,Lienkhuong,22,21.8
1/4/2017,2017,4,dry,Lienkhuong,22.9,220.8
1/5/2017,2017,5,rain,Lienkhuong,23.2,439.4
1/6/2017,2017,6,rain,Lienkhuong,23.3,126.5
1/7/2017,2017,7,rain,Lienkhuong,22.3,305.1
1/8/2017,2017,8,rain,Lienkhuong,22.8,196.8
1/9/2017,2017,9,rain,Lienkhuong,22.8,216.2
1/10/2017,2017,10,rain,Lienkhuong,21.9,335.4
1/11/2017,2017,11,dry,Lienkhuong,22.1,142.8
1/12/2017,2017,12,dry,Lienkhuong,20.7,24.2
1/1/1984,1984,1,dry,Baoloc,20.1,69.5
1/2/1984,1984,2,dry,Baoloc,20.9,2.2
1/3/1984,1984,3,dry,Baoloc,22.2,16.6
1/4/1984,1984,4,dry,Baoloc,23.4,159.7
1/5/1984,1984,5,rain,Baoloc,23.2,197.6
1/6/1984,1984,6,rain,Baoloc,22.2,321.7
1/7/1984,1984,7,rain,Baoloc,22.3,221
1/8/1984,1984,8,rain,Baoloc,21.8,907.9
1/9/1984,1984,9,rain,Baoloc,21.7,187.9
1/10/1984,1984,10,rain,Baoloc,21.7,199.4
1/11/1984,1984,11,dry,Baoloc,21.3,78.2
1/12/1984,1984,12,dry,Baoloc,20.7,123.8
1/1/1985,1985,1,dry,Baoloc,20.2,46.6
1/2/1985,1985,2,dry,Baoloc,21.8,73.4
1/3/1985,1985,3,dry,Baoloc,22.1,61.7
1/4/1985,1985,4,dry,Baoloc,22.4,261.9
1/5/1985,1985,5,rain,Baoloc,22.7,165.6
1/6/1985,1985,6,rain,Baoloc,22.4,508.7
1/7/1985,1985,7,rain,Baoloc,21.9,206.2
1/8/1985,1985,8,rain,Baoloc,21.7,342.8
1/9/1985,1985,9,rain,Baoloc,22,465.1
1/10/1985,1985,10,rain,Baoloc,22.2,349
1/11/1985,1985,11,dry,Baoloc,22,121.9
1/12/1985,1985,12,dry,Baoloc,20.1,172
1/1/1986,1986,1,dry,Baoloc,19.4,10.2
1/2/1986,1986,2,dry,Baoloc,20.9,41.7
1/3/1986,1986,3,dry,Baoloc,21.8,158.5
1/4/1986,1986,4,dry,Baoloc,23.2,102.7
1/5/1986,1986,5,rain,Baoloc,23.2,338.2
1/6/1986,1986,6,rain,Baoloc,23.2,187.3
1/7/1986,1986,7,rain,Baoloc,22.2,315.1
1/8/1986,1986,8,rain,Baoloc,21.4,775.1
1/9/1986,1986,9,rain,Baoloc,21.7,615.4
1/10/1986,1986,10,rain,Baoloc,21.9,311.2
1/11/1986,1986,11,dry,Baoloc,20.5,179.2
1/12/1986,1986,12,dry,Baoloc,20.2,112.3
1/1/1987,1987,1,dry,Baoloc,19.8,17.9
1/2/1987,1987,2,dry,Baoloc,20.2,55.7
1/3/1987,1987,3,dry,Baoloc,22.2,29.3
1/4/1987,1987,4,dry,Baoloc,23.2,98
1/5/1987,1987,5,rain,Baoloc,23.6,164
1/6/1987,1987,6,rain,Baoloc,22.8,321.7
1/7/1987,1987,7,rain,Baoloc,22.1,414.7
1/8/1987,1987,8,rain,Baoloc,22.4,445.2
1/9/1987,1987,9,rain,Baoloc,22.1,295.6
1/10/1987,1987,10,rain,Baoloc,22.6,333.7
1/11/1987,1987,11,dry,Baoloc,21.9,275.7
1/12/1987,1987,12,dry,Baoloc,19.8,34.1
1/1/1988,1988,1,dry,Baoloc,20.9,130.5
1/2/1988,1988,2,dry,Baoloc,21.4,88.4
1/3/1988,1988,3,dry,Baoloc,22.5,113.8
1/4/1988,1988,4,dry,Baoloc,23.3,261
1/5/1988,1988,5,rain,Baoloc,23.7,138.2
1/6/1988,1988,6,rain,Baoloc,22.9,280.6
1/7/1988,1988,7,rain,Baoloc,22.6,236.1
1/8/1988,1988,8,rain,Baoloc,22.7,208.9
1/9/1988,1988,9,rain,Baoloc,22.5,367.6
1/10/1988,1988,10,rain,Baoloc,21.8,312.3
1/11/1988,1988,11,dry,Baoloc,21,66.6
1/12/1988,1988,12,dry,Baoloc,19.2,0
1/1/1989,1989,1,dry,Baoloc,21.3,6
1/2/1989,1989,2,dry,Baoloc,20.4,0.2
1/3/1989,1989,3,dry,Baoloc,21.9,83.7
1/4/1989,1989,4,dry,Baoloc,22.9,242.4
1/5/1989,1989,5,rain,Baoloc,22.8,422.5
1/6/1989,1989,6,rain,Baoloc,22.9,360
1/7/1989,1989,7,rain,Baoloc,22.3,490.4
1/8/1989,1989,8,rain,Baoloc,22.3,361.8
1/9/1989,1989,9,rain,Baoloc,22.3,219.3
1/10/1989,1989,10,rain,Baoloc,21.7,325.6
1/11/1989,1989,11,dry,Baoloc,21.1,72.5
1/12/1989,1989,12,dry,Baoloc,19.6,31
1/1/1990,1990,1,dry,Baoloc,20.4,2.2
1/2/1990,1990,2,dry,Baoloc,21.5,157
1/3/1990,1990,3,dry,Baoloc,22.1,93.5
1/4/1990,1990,4,dry,Baoloc,23.5,84.4
1/5/1990,1990,5,rain,Baoloc,23.2,192.7
1/6/1990,1990,6,rain,Baoloc,22.2,449.2
1/7/1990,1990,7,rain,Baoloc,22.3,256.2
1/8/1990,1990,8,rain,Baoloc,21.7,646.1
1/9/1990,1990,9,rain,Baoloc,22.1,526.1
1/10/1990,1990,10,rain,Baoloc,22.3,266.3
1/11/1990,1990,11,dry,Baoloc,21.4,133.4
1/12/1990,1990,12,dry,Baoloc,20.9,123.8
1/1/1991,1991,1,dry,Baoloc,21.2,46
1/2/1991,1991,2,dry,Baoloc,20.6,11.2
1/3/1991,1991,3,dry,Baoloc,22,29
1/4/1991,1991,4,dry,Baoloc,22.4,162.8
1/5/1991,1991,5,rain,Baoloc,22.9,207
1/6/1991,1991,6,rain,Baoloc,22.6,199.6
1/7/1991,1991,7,rain,Baoloc,22,437.8
1/8/1991,1991,8,rain,Baoloc,21.8,534.2
1/9/1991,1991,9,rain,Baoloc,22.2,430.7
1/10/1991,1991,10,rain,Baoloc,21.1,142.8
1/11/1991,1991,11,dry,Baoloc,20.4,32.4
1/12/1991,1991,12,dry,Baoloc,20.6,171.9
1/1/1992,1992,1,dry,Baoloc,19.5,48.5
1/2/1992,1992,2,dry,Baoloc,21.1,3
1/3/1992,1992,3,dry,Baoloc,22,174.7
1/4/1992,1992,4,dry,Baoloc,22.9,84.8
1/5/1992,1992,5,rain,Baoloc,23.6,363.2
1/6/1992,1992,6,rain,Baoloc,22.3,237.3
1/7/1992,1992,7,rain,Baoloc,22.2,332.9
1/8/1992,1992,8,rain,Baoloc,21.9,498.8
1/9/1992,1992,9,rain,Baoloc,22.4,282.7
1/10/1992,1992,10,rain,Baoloc,21.7,334.4
1/11/1992,1992,11,dry,Baoloc,20.9,101.3
1/12/1992,1992,12,dry,Baoloc,21,19.6
1/1/1993,1993,1,dry,Baoloc,20.7,16.2
1/2/1993,1993,2,dry,Baoloc,20.1,61
1/3/1993,1993,3,dry,Baoloc,21.4,63.1
1/4/1993,1993,4,dry,Baoloc,22.3,79.6
1/5/1993,1993,5,rain,Baoloc,22.7,207.9
1/6/1993,1993,6,rain,Baoloc,23,294.7
1/7/1993,1993,7,rain,Baoloc,22.1,468.1
1/8/1993,1993,8,rain,Baoloc,21.8,422.1
1/9/1993,1993,9,rain,Baoloc,22,387.3
1/10/1993,1993,10,rain,Baoloc,22,512.1
1/11/1993,1993,11,dry,Baoloc,21.4,149.7
1/12/1993,1993,12,dry,Baoloc,20.3,87.6
1/1/1994,1994,1,dry,Baoloc,19.9,22.8
1/2/1994,1994,2,dry,Baoloc,20.9,75
1/3/1994,1994,3,dry,Baoloc,21,74.1
1/4/1994,1994,4,dry,Baoloc,22.9,210.4
1/5/1994,1994,5,rain,Baoloc,23.1,261
1/6/1994,1994,6,rain,Baoloc,22.6,247.8
1/7/1994,1994,7,rain,Baoloc,21.9,690
1/8/1994,1994,8,rain,Baoloc,22.5,324.3
1/9/1994,1994,9,rain,Baoloc,22.3,515.2
1/10/1994,1994,10,rain,Baoloc,21.5,278.2
1/11/1994,1994,11,dry,Baoloc,21.5,142.8
1/12/1994,1994,12,dry,Baoloc,21.2,144.7
1/1/1995,1995,1,dry,Baoloc,20.5,50.8
1/2/1995,1995,2,dry,Baoloc,20.5,27.7
1/3/1995,1995,3,dry,Baoloc,22,151.2
1/4/1995,1995,4,dry,Baoloc,23.7,114.2
1/5/1995,1995,5,rain,Baoloc,23.8,182.1
1/6/1995,1995,6,rain,Baoloc,23.3,252.4
1/7/1995,1995,7,rain,Baoloc,22.7,384.2
1/8/1995,1995,8,rain,Baoloc,22.6,493.3
1/9/1995,1995,9,rain,Baoloc,22.3,414.5
1/10/1995,1995,10,rain,Baoloc,22.4,291.5
1/11/1995,1995,11,dry,Baoloc,21.7,143.4
1/12/1995,1995,12,dry,Baoloc,20.2,86.8
1/1/1996,1996,1,dry,Baoloc,20.1,60.1
1/2/1996,1996,2,dry,Baoloc,21.1,30.8
1/3/1996,1996,3,dry,Baoloc,23,19.5
1/4/1996,1996,4,dry,Baoloc,23.2,434.8
1/5/1996,1996,5,rain,Baoloc,23.6,126
1/6/1996,1996,6,rain,Baoloc,23.2,213.5
1/7/1996,1996,7,rain,Baoloc,22.1,304.7
1/8/1996,1996,8,rain,Baoloc,22.3,350.7
1/9/1996,1996,9,rain,Baoloc,22.2,515.2
1/10/1996,1996,10,rain,Baoloc,22.1,181.3
1/11/1996,1996,11,dry,Baoloc,21.1,134.6
1/12/1996,1996,12,dry,Baoloc,19.1,52.4
1/1/1997,1997,1,dry,Baoloc,18.9,5.1
1/2/1997,1997,2,dry,Baoloc,21.3,187.2
1/3/1997,1997,3,dry,Baoloc,21.6,94.7
1/4/1997,1997,4,dry,Baoloc,22.2,538.3
1/5/1997,1997,5,rain,Baoloc,23.1,292.7
1/6/1997,1997,6,rain,Baoloc,22.4,245
1/7/1997,1997,7,rain,Baoloc,21.6,620.7
1/8/1997,1997,8,rain,Baoloc,21.5,601
1/9/1997,1997,9,rain,Baoloc,21.8,263.2
1/10/1997,1997,10,rain,Baoloc,21.9,337.9
1/11/1997,1997,11,dry,Baoloc,21.6,173.7
1/12/1997,1997,12,dry,Baoloc,21.3,24
1/1/1998,1998,1,dry,Baoloc,21.1,6.3
1/2/1998,1998,2,dry,Baoloc,22.9,57.8
1/3/1998,1998,3,dry,Baoloc,23.2,5.4
1/4/1998,1998,4,dry,Baoloc,24.3,179.6
1/5/1998,1998,5,rain,Baoloc,24.7,347.3
1/6/1998,1998,6,rain,Baoloc,23.5,181.8
1/7/1998,1998,7,rain,Baoloc,23.1,109
1/8/1998,1998,8,rain,Baoloc,22.9,266.5
1/9/1998,1998,9,rain,Baoloc,22.6,450.2
1/10/1998,1998,10,rain,Baoloc,21.8,292.3
1/11/1998,1998,11,dry,Baoloc,21.1,430.5
1/12/1998,1998,12,dry,Baoloc,20.6,145.8
1/1/1999,1999,1,dry,Baoloc,20.5,116.1
1/2/1999,1999,2,dry,Baoloc,20.9,36.4
1/3/1999,1999,3,dry,Baoloc,22.3,249.5
1/4/1999,1999,4,dry,Baoloc,22.5,371.8
1/5/1999,1999,5,rain,Baoloc,22.7,240.3
1/6/1999,1999,6,rain,Baoloc,22.1,448.5
1/7/1999,1999,7,rain,Baoloc,21.8,566.5
1/8/1999,1999,8,rain,Baoloc,21.7,367.6
1/9/1999,1999,9,rain,Baoloc,21.9,204.2
1/10/1999,1999,10,rain,Baoloc,21.5,340.5
1/11/1999,1999,11,dry,Baoloc,21.6,284.5
1/12/1999,1999,12,dry,Baoloc,19.8,65.6
1/1/2000,2000,1,dry,Baoloc,20.7,107.8
1/2/2000,2000,2,dry,Baoloc,20.8,153.5
1/3/2000,2000,3,dry,Baoloc,21.5,323.6
1/4/2000,2000,4,dry,Baoloc,22.7,260.1
1/5/2000,2000,5,rain,Baoloc,22.6,250.2
1/6/2000,2000,6,rain,Baoloc,22.5,305.1
1/7/2000,2000,7,rain,Baoloc,21.3,640.8
1/8/2000,2000,8,rain,Baoloc,22.2,760.1
1/9/2000,2000,9,rain,Baoloc,21.8,603
1/10/2000,2000,10,rain,Baoloc,21.6,1098
1/11/2000,2000,11,dry,Baoloc,21,399.8
1/12/2000,2000,12,dry,Baoloc,20.6,336
1/1/2001,2001,1,dry,Baoloc,20.3,498.5
1/2/2001,2001,2,dry,Baoloc,20.5,147.5
1/3/2001,2001,3,dry,Baoloc,22.6,231.4
1/4/2001,2001,4,dry,Baoloc,23.5,187.7
1/5/2001,2001,5,rain,Baoloc,22.8,186.8
1/6/2001,2001,6,rain,Baoloc,21.6,549.8
1/7/2001,2001,7,rain,Baoloc,21.8,377.1
1/8/2001,2001,8,rain,Baoloc,21.4,781.7
1/9/2001,2001,9,rain,Baoloc,22.2,286.9
1/10/2001,2001,10,rain,Baoloc,21.8,260.8
1/11/2001,2001,11,dry,Baoloc,20.5,155.6
1/12/2001,2001,12,dry,Baoloc,20.2,8.3
1/1/2002,2002,1,dry,Baoloc,20.2,4
1/2/2002,2002,2,dry,Baoloc,21.5,5.4
1/3/2002,2002,3,dry,Baoloc,22.9,48.2
1/4/2002,2002,4,dry,Baoloc,22.7,87.9
1/5/2002,2002,5,rain,Baoloc,23.6,152.4
1/6/2002,2002,6,rain,Baoloc,22.5,408.3
1/7/2002,2002,7,rain,Baoloc,22.3,347.7
1/8/2002,2002,8,rain,Baoloc,21.4,898.1
1/9/2002,2002,9,rain,Baoloc,21.8,568.2
1/10/2002,2002,10,rain,Baoloc,22.6,382
1/11/2002,2002,11,dry,Baoloc,22,155
1/12/2002,2002,12,dry,Baoloc,21.8,113.9
1/1/2003,2003,1,dry,Baoloc,20.3,7.9
1/2/2003,2003,2,dry,Baoloc,21.9,38.5
1/3/2003,2003,3,dry,Baoloc,22.7,164.8
1/4/2003,2003,4,dry,Baoloc,23.4,177.9
1/5/2003,2003,5,rain,Baoloc,23.2,933.9
1/6/2003,2003,6,rain,Baoloc,23,308.1
1/7/2003,2003,7,rain,Baoloc,22.1,453.1
1/8/2003,2003,8,rain,Baoloc,22.5,341.2
1/9/2003,2003,9,rain,Baoloc,22,607.2
1/10/2003,2003,10,rain,Baoloc,21.8,356.3
1/11/2003,2003,11,dry,Baoloc,21.7,377.6
1/12/2003,2003,12,dry,Baoloc,19.7,13
1/1/2004,2004,1,dry,Baoloc,20.9,66
1/2/2004,2004,2,dry,Baoloc,21,17.3
1/3/2004,2004,3,dry,Baoloc,23,213.6
1/4/2004,2004,4,dry,Baoloc,23.8,306.5
1/5/2004,2004,5,rain,Baoloc,23.6,337.1
1/6/2004,2004,6,rain,Baoloc,22.1,425.7
1/7/2004,2004,7,rain,Baoloc,21.9,405.8
1/8/2004,2004,8,rain,Baoloc,21.2,550.2
1/9/2004,2004,9,rain,Baoloc,22.3,252.7
1/10/2004,2004,10,rain,Baoloc,21.7,344
1/11/2004,2004,11,dry,Baoloc,21.5,240.6
1/12/2004,2004,12,dry,Baoloc,19.9,7.2
1/1/2005,2005,1,dry,Baoloc,20.1,8
1/2/2005,2005,2,dry,Baoloc,21.9,70.7
1/3/2005,2005,3,dry,Baoloc,23,128.4
1/4/2005,2005,4,dry,Baoloc,23.8,201.5
1/5/2005,2005,5,rain,Baoloc,24.1,188.7
1/6/2005,2005,6,rain,Baoloc,23.5,167.8
1/7/2005,2005,7,rain,Baoloc,22.3,482.3
1/8/2005,2005,8,rain,Baoloc,22.5,576.3
1/9/2005,2005,9,rain,Baoloc,22.4,411.9
1/10/2005,2005,10,rain,Baoloc,22.5,380.7
1/11/2005,2005,11,dry,Baoloc,21.8,192.9
1/12/2005,2005,12,dry,Baoloc,20.5,111.4
1/1/2006,2006,1,dry,Baoloc,20.8,73.2
1/2/2006,2006,2,dry,Baoloc,21.8,78.2
1/3/2006,2006,3,dry,Baoloc,22.7,111.2
1/4/2006,2006,4,dry,Baoloc,23.5,269.2
1/5/2006,2006,5,rain,Baoloc,23.3,156.1
1/6/2006,2006,6,rain,Baoloc,23.2,217.9
1/7/2006,2006,7,rain,Baoloc,22.4,514.8
1/8/2006,2006,8,rain,Baoloc,22.6,937
1/9/2006,2006,9,rain,Baoloc,22.9,399.6
1/10/2006,2006,10,rain,Baoloc,21.6,377.6
1/11/2006,2006,11,dry,Baoloc,21.7,67.9
1/12/2006,2006,12,dry,Baoloc,20.3,108.3
1/1/2007,2007,1,dry,Baoloc,20.1,73.2
1/2/2007,2007,2,dry,Baoloc,21.7,79.3
1/3/2007,2007,3,dry,Baoloc,22.7,111.2
1/4/2007,2007,4,dry,Baoloc,23.8,269.2
1/5/2007,2007,5,rain,Baoloc,23.8,156.1
1/6/2007,2007,6,rain,Baoloc,23.6,320.8
1/7/2007,2007,7,rain,Baoloc,22.5,729
1/8/2007,2007,8,rain,Baoloc,21.7,624
1/9/2007,2007,9,rain,Baoloc,22.7,386
1/10/2007,2007,10,rain,Baoloc,21.9,317.4
1/11/2007,2007,11,dry,Baoloc,20.8,60.8
1/12/2007,2007,12,dry,Baoloc,20.9,3.5
1/1/2008,2008,1,dry,Baoloc,21.1,2.7
1/2/2008,2008,2,dry,Baoloc,20.5,55.7
1/3/2008,2008,3,dry,Baoloc,21.8,200.9
1/4/2008,2008,4,dry,Baoloc,23.6,165
1/5/2008,2008,5,rain,Baoloc,23,418.1
1/6/2008,2008,6,rain,Baoloc,22.9,168
1/7/2008,2008,7,rain,Baoloc,22.7,230.2
1/8/2008,2008,8,rain,Baoloc,22.1,325.1
1/9/2008,2008,9,rain,Baoloc,22.7,375.1
1/10/2008,2008,10,rain,Baoloc,22.1,567.7
1/11/2008,2008,11,dry,Baoloc,21.3,169.3
1/12/2008,2008,12,dry,Baoloc,20.2,27.3
1/1/2009,2009,1,dry,Baoloc,19.4,8.7
1/2/2009,2009,2,dry,Baoloc,22.3,77.7
1/3/2009,2009,3,dry,Baoloc,22.8,159.8
1/4/2009,2009,4,dry,Baoloc,23.4,181.7
1/5/2009,2009,5,rain,Baoloc,23.2,248.6
1/6/2009,2009,6,rain,Baoloc,23.3,165.6
1/7/2009,2009,7,rain,Baoloc,22.4,419.4
1/8/2009,2009,8,rain,Baoloc,23.3,426.9
1/9/2009,2009,9,rain,Baoloc,21.9,619.9
1/10/2009,2009,10,rain,Baoloc,22.5,277.6
1/11/2009,2009,11,dry,Baoloc,22.1,42.9
1/12/2009,2009,12,dry,Baoloc,21.4,135.1
1/1/2010,2010,1,dry,Baoloc,20.6,53.6
1/2/2010,2010,2,dry,Baoloc,22.6,1
1/3/2010,2010,3,dry,Baoloc,23.5,16.6
1/4/2010,2010,4,dry,Baoloc,24,288.3
1/5/2010,2010,5,rain,Baoloc,25.4,240.6
1/6/2010,2010,6,rain,Baoloc,24.2,208.8
1/7/2010,2010,7,rain,Baoloc,23,229.8
1/8/2010,2010,8,rain,Baoloc,22.6,202.4
1/9/2010,2010,9,rain,Baoloc,23.2,190.7
1/10/2010,2010,10,rain,Baoloc,22.6,352.1
1/11/2010,2010,11,dry,Baoloc,21.5,299
1/12/2010,2010,12,dry,Baoloc,20.8,83.8
1/1/2011,2011,1,dry,Baoloc,20.4,20
1/2/2011,2011,2,dry,Baoloc,21.7,13.7
1/3/2011,2011,3,dry,Baoloc,21.6,214.9
1/4/2011,2011,4,dry,Baoloc,22.5,244.1
1/5/2011,2011,5,rain,Baoloc,23.6,223.5
1/6/2011,2011,6,rain,Baoloc,23,391.7
1/7/2011,2011,7,rain,Baoloc,22.9,388.9
1/8/2011,2011,8,rain,Baoloc,23,238.3
1/9/2011,2011,9,rain,Baoloc,21.7,666.5
1/10/2011,2011,10,rain,Baoloc,22.2,341.6
1/11/2011,2011,11,dry,Baoloc,22.1,169
1/12/2011,2011,12,dry,Baoloc,20.2,18
1/1/2012,2012,1,dry,Baoloc,21,126
1/2/2012,2012,2,dry,Baoloc,22,89.2
1/3/2012,2012,3,dry,Baoloc,22.7,195.8
1/4/2012,2012,4,dry,Baoloc,23.1,264.1
1/5/2012,2012,5,rain,Baoloc,23.2,207.5
1/6/2012,2012,6,rain,Baoloc,22.4,442.4
1/7/2012,2012,7,rain,Baoloc,22.2,355.8
1/8/2012,2012,8,rain,Baoloc,22.7,281.2
1/9/2012,2012,9,rain,Baoloc,22,525
1/10/2012,2012,10,rain,Baoloc,22.4,159.1
1/11/2012,2012,11,dry,Baoloc,22.5,248.7
1/12/2012,2012,12,dry,Baoloc,22,10.8
1/1/2013,2013,1,dry,Baoloc,21,15.2
1/2/2013,2013,2,dry,Baoloc,22.6,35
1/3/2013,2013,3,dry,Baoloc,23.1,248.1
1/4/2013,2013,4,dry,Baoloc,24.1,160.5
1/5/2013,2013,5,rain,Baoloc,24.2,253.4
1/6/2013,2013,6,rain,Baoloc,23.3,440.5
1/7/2013,2013,7,rain,Baoloc,22.6,447
1/8/2013,2013,8,rain,Baoloc,22.1,346.6
1/9/2013,2013,9,rain,Baoloc,21.8,463.2
1/10/2013,2013,10,rain,Baoloc,21.9,497.2
1/11/2013,2013,11,dry,Baoloc,21.8,136.5
1/12/2013,2013,12,dry,Baoloc,20.1,38.4
1/1/2014,2014,1,dry,Baoloc,19.1,27.6
1/2/2104,2014,2,dry,Baoloc,20.9,69.9
1/3/2014,2014,3,dry,Baoloc,22.9,92.6
1/4/2014,2014,4,dry,Baoloc,22.7,662
1/5/2014,2014,5,rain,Baoloc,23.8,214.1
1/6/2014,2014,6,rain,Baoloc,22.6,410.1
1/7/2014,2014,7,rain,Baoloc,22.3,471.4
1/8/2014,2014,8,rain,Baoloc,22.7,220.3
1/9/2014,2014,9,rain,Baoloc,22.3,315.8
1/10/2014,2014,10,rain,Baoloc,22.3,497.9
1/11/2014,2014,11,dry,Baoloc,22,311.7
1/12/2014,2014,12,dry,Baoloc,20.8,86.5
1/1/2015,2015,1,dry,Baoloc,19.9,3.3
1/2/2015,2015,2,dry,Baoloc,20.7,26
1/3/2015,2015,3,dry,Baoloc,22.6,29.1
1/4/2015,2015,4,dry,Baoloc,23.2,162
1/5/2015,2015,5,rain,Baoloc,24,221.6
1/6/2015,2015,6,rain,Baoloc,22.7,448.3
1/7/2015,2015,7,rain,Baoloc,22.7,492
1/8/2015,2015,8,rain,Baoloc,23,338.3
1/9/2015,2015,9,rain,Baoloc,22.8,236.7
1/10/2015,2015,10,rain,Baoloc,22.7,287.6
1/11/2015,2015,11,dry,Baoloc,22.5,232.6
1/12/2015,2015,12,dry,Baoloc,21.6,149.2
1/1/2016,2016,1,dry,Baoloc,21.9,160.2
1/2/2016,2016,2,dry,Baoloc,21.4,5
1/3/2016,2016,3,dry,Baoloc,23.3,23.4
1/4/2016,2016,4,dry,Baoloc,24.5,100.3
1/5/2016,2016,5,rain,Baoloc,24.3,229.6
1/6/2016,2016,6,rain,Baoloc,23.1,309.3
1/7/2016,2016,7,rain,Baoloc,22.6,294.7
1/8/2016,2016,8,rain,Baoloc,22.7,349.2
1/9/2016,2016,9,rain,Baoloc,22.8,363.8
1/10/2016,2016,10,rain,Baoloc,22.2,413.1
1/11/2016,2016,11,dry,Baoloc,22.2,129.5
1/12/2016,2016,12,dry,Baoloc,21.1,146.6
1/1/2017,2017,1,dry,Baoloc,21.1,101.2
1/2/2017,2017,2,dry,Baoloc,21,152
1/3/2017,2017,3,dry,Baoloc,22.2,170.1
1/4/2017,2017,4,dry,Baoloc,23.3,267.7
1/5/2017,2017,5,rain,Baoloc,23.9,260.9
1/6/2017,2017,6,rain,Baoloc,23.3,228.4
1/7/2017,2017,7,rain,Baoloc,22.4,452.3
1/8/2017,2017,8,rain,Baoloc,22.9,267.3
1/9/2017,2017,9,rain,Baoloc,23.1,308.6
1/10/2017,2017,10,rain,Baoloc,22.2,404.7
1/11/2017,2017,11,dry,Baoloc,21.8,319.8
1/12/2017,2017,12,dry,Baoloc,20.3,13.3
1/1/2011,2011,1,dry,Cattien,24.3,
1/2/2011,2011,2,dry,Cattien,25.1,
1/3/2011,2011,3,dry,Cattien,25.8,
1/4/2011,2011,4,dry,Cattien,27.1,
1/5/2011,2011,5,rain,Cattien,27.2,
1/6/2011,2011,6,rain,Cattien,26.3,
1/7/2011,2011,7,rain,Cattien,26,
1/8/2011,2011,8,rain,Cattien,26.3,
1/9/2011,2011,9,rain,Cattien,25.5,
1/10/2011,2011,10,rain,Cattien,25.5,
1/11/2011,2011,11,dry,Cattien,26.2,
1/12/2011,2011,12,dry,Cattien,24.5,
1/1/2012,2012,1,dry,Cattien,25.2,
1/2/2012,2012,2,dry,Cattien,26.1,
1/3/2012,2012,3,dry,Cattien,27.1,
1/4/2012,2012,4,dry,Cattien,26.7,
1/5/2012,2012,5,rain,Cattien,27.3,
1/6/2012,2012,6,rain,Cattien,26.1,
1/7/2012,2012,7,rain,Cattien,26,
1/8/2012,2012,8,rain,Cattien,26.6,
1/9/2012,2012,9,rain,Cattien,25.7,
1/10/2012,2012,10,rain,Cattien,26.5,
1/11/2012,2012,11,dry,Cattien,26.4,
1/12/2012,2012,12,dry,Cattien,25.9,
1/1/2013,2013,1,dry,Cattien,24.7,
1/2/2013,2013,2,dry,Cattien,26.5,
1/3/2013,2013,3,dry,Cattien,27.1,
1/4/2013,2013,4,dry,Cattien,27.7,
1/5/2013,2013,5,rain,Cattien,27.9,
1/6/2013,2013,6,rain,Cattien,27,
1/7/2013,2013,7,rain,Cattien,26.3,
1/8/2013,2013,8,rain,Cattien,25.8,
1/9/2013,2013,9,rain,Cattien,25.7,
1/10/2013,2013,10,rain,Cattien,26,
1/11/2013,2013,11,dry,Cattien,26,
1/12/2013,2013,12,dry,Cattien,24.2,
